[
  {
    "id": "21021577-42d8-4d9e-9811-3bb7c9cdd23a",
    "data": [
      {
        "text": "attractions",
        "alias": "attractions",
        "meta": "@attractions",
        "userDefined": false
      }
    ],
    "isTemplate": false,
    "count": 0,
    "updated": 0
  },
  {
    "id": "cbb3d425-f0ba-45fd-bcfd-4ea9d569a1b3",
    "data": [
      {
        "text": "attraction",
        "alias": "attractions",
        "meta": "@attractions",
        "userDefined": false
      }
    ],
    "isTemplate": false,
    "count": 0,
    "updated": 0
  }
]