[
  {
    "id": "ee69cd29-4041-4282-84e9-c85eb188f1db",
    "data": [
      {
        "text": "hotel",
        "alias": "hotels",
        "meta": "@hotels",
        "userDefined": false
      }
    ],
    "isTemplate": false,
    "count": 0,
    "updated": 0
  },
  {
    "id": "d7d0292c-9956-4213-9b09-fed374eb4557",
    "data": [
      {
        "text": "hotels",
        "alias": "hotels",
        "meta": "@hotels",
        "userDefined": false
      }
    ],
    "isTemplate": false,
    "count": 0,
    "updated": 0
  }
]